{
    "Germany": 8.3149300,
    "Austria": 0.8902600,
    "Washington": 0.7614893,
    "New York": 1.9453561,
    "California": 3.9512223,
    "Florida": 2.1477737,
    "Massachusetts": 0.6939373
}
